Username, FollowAge, BatName, BatColor
thalion_pelargor,52370,,
mimimindy,26148,,
mike3292,26182,,
puppygirl246810,26224,,
SirGrumples,37198,,
ztdiaz,20684,,
CerlsJnr,66563,,
kilderine,84839,,
pupgirl22,67020,,
tribun793nilsonn,55627,,
framingtheframed,60248,,
AudaciousTaborAddams,29320,,
TheRevolver_13,14697,,
mastercrafrtr,43842,,
TrubuTV,44931,,
OrigamiGuy2,48582,,
Hannukkah_Celt,48613,,
Vidat001,48636,,
twitch_loves_the_gas_room,49899,,
kitjasper09,51420,,
OZMrMagic,59907,,
voidyblade,65953,,
jazdogg,66346,,
risguregotohell,20977,,
theownerofridgure,21246,,
naturelover1,31071,,
knee_growwwzz,33792,,
kermit_thefwog,37742,,
winter_4life,38088,,
cazylady122,38179,,
DreamDog00,38781,,
secondowneroftwich,39382,,
maballzitch69,41486,,
ender_acid,42368,,
theowneroftwich,45138,,
zipbowl625,45631,,
schaamhaarlikken,49073,,
daineexgt,52941,,
Marklock3_tv,54937,,
supervirusbot,56328,,
Farklez1128,59355,,
sebakiku,72735,,
Iampftw,17825,,
ihatemylifesomuch157,20962,,
Thexbox360lover,,,
savage_wolf678,30476,,
icewalow_come_20,37634,,
prestonplayzman,39186,,
xanaxlegeny,15711,,
emretok511,34516,,
burnprogamer,17078,,
wowbobby11,17637,,
ilovetutti69,18524,,
jakewalker1904,22718,,
icewallowcome471,20679,,
mr_ace0,23144,,
Sariana123,26700,,
aid210,31173,,
cartuneman_1,46044,,
blueflame_91yt,50465,,
Theosevis_,12259,,
saaaaadude234,25199,,
hawkmagpie,32003,,
COAAOL,40121,,
waffleplayslife,40892,,
Ludi_,48513,,
robloxminecrafter1,50489,,
jacckmehoff,23695,,
kill_tha_juice_1,26158,,
luxanadian,33387,,
angelov222,36356,,
ZeliardFTW,38327,,
Kerazene,38346,,
Braelynnx,40014,,
erasrhead,40121,,
Wes_Xander,5727,,
mattypringle,42967,,
icewallowd_come,48531,,
brodyjameshall300bounds,50475,,
kbitliar,14413,,
huddledangel0319,24326,,
msmilkshake,31875,,
oddzzy,35253,,
bigassbrodyjameshall,36600,,
okaykamrynwolff69,38770,,
brodyjamesshanehall,14181,,
andrew7077,41904,,
i_likeyorkhawk,52497,,
imacidic10,7847,,
dd92759912,12738,,
Hoenir_the_Silent,22792,,
YukiBloodbornGaming,25926,,
afafafafafafafaf,27658,,
jalynn_mean15,35846,,
ItJustSteph,81995,,
SuperCatPerson,10253,,
kookiemonsteh,29574,,
mmaxamms,33601,,
TheBasicz12345,17201,,
krazybutkool,20131,,
ditto999,11652,,
MadeYouLeaveTV,20776,,
sarah_h92,21065,,
denizburgas13,21084,,
TheMysteriousLizzy,23055,,
StevePlays_HD,23106,,
miss_undastood,16310,,
mrsdanville,10487,,
MyNameIsGadda,11271,,
jackepaulmurchlinkinbio,13523,,
Xobias,52958,,
syncereandgames,55293,,
LizzieUllman97,68634,,
asilentking,68650,,
Mgreener87,33411,,
mrschwiftyrick,34817,,
xxxmarkeem,35882,,
edytedy2003,35942,,
federico04039,39867,,
BigBoiNoNo,40067,,
therealak69420,59645,,
Golargo_Sturdyfeet,64767,,
dontbanmepleasey,44422,,
DaleDalemoimoi,44698,,
GraylyRain,49043,,
Cusses,49569,,
jl456lj,49693,,
Poxun1,49796,,
Narinja1,49826,,
gruntfodder,49827,,
sagathes134,49827,,
Lt1489,49862,,
D3athb0b,49869,,
GizmoTheHerow,49892,,
jayson69699,54254,,
SilverServerT,54289,,
BugMacgregor,10002,,
queenfairylivingdeadgurrl,14794,,
suuuuch,15802,,
lepus_james_tula,16788,,
themanuel111,18293,,
xxautisticwolfxx,23210,,
BraindeadSurki,25877,,
grimli,43334,,
killallnygerians15,12724,,
jacoffjac,4009,,
BlushingCrafter,32839,,
BaconlegsAndBluStar,23353,,
KLovesHugz,81679,,
Ellisair,9437,,
IvoryDragons,57288,,
Daanaas,40376,,
Natureboymanning55,8311,,
eye_eatass,36677,,
urypides0721,67959,,
john_ray_pinger,3810,,
hampe0413,9121,,
rustynikkerz,26394,,
RetroPuppet,16377,,
awkwardxbby,82597,,
IvanOffalich,6468,,
Kwifenator,35576,,
UpgrowthDevelopment,10135,,
jacklamont_,8887,,
skolaider,14784,,
lepustheevil,16995,,
bqqcc,29463,,
WorstoftheWorst,29537,,
TheOptionalOath,29545,,
joshie__,42046,,
Superfraggle,85572,,
ObscureNorwegianGamer,49083,,
chessy68,74790,,
marleythebarbarian,84232,,
TeamFyro,84149,,
Lillypopcorn,9543,,
camburrit2,12651,,
rst_poptart,13315,,
dashthegamer___,10315,,
junklife_,11696,,
BUSCUR51,16020,,
yaboiinickgur65,20702,,
superstarreader,33346,,
thomaskellogg15,78447,,
ghazle9,1655,,
mattarnold06,38765,,
bodada104,60882,,
dajuniorxdx,70496,,
honorary68,6026,,
DarkQueenO_O,6074,,
AapgScorpion,6075,,
w0lfking69,85890,,
TheCazadorSniper,7297,,
tex0r,8760,,
Wookiee_93,8955,,
Teacupika,9007,,
sharkana321,9022,,
Pracer73,25374,,
Blackwolfster,69834,,
Ababail,75303,,
somedestinyperson,81212,,
whiterose11,6218,,
Ted_E,85261,,
princess___lissy,4388,,
The_Sith_Empire,5493,,
Shutupandminewithme,6026,,
HazelRah89,6161,,
KGTheNumbers,6190,,
Lady_Kittia,6289,,
absolut_kali,6299,,
Mark_Bodger,6303,,
JakeO,6347,,
v999mom,6359,,
Lianne669,6377,,
Bastet369,6409,,
Sleeper777,6410,,
SwayJEDI,6451,,
kaptainkamper,6458,,
Sarainia_KR_Angelsong,6491,,
CrossMyDNA,6580,,
Grim_Decisions,12125,,
Sharkie_,12543,,
silentmygameing123,12709,,
Trotter93,13826,,
Siakon,14018,,
Ryanestrasz,14054,,
Molwiz,14260,,
xIWestie,14328,,
alisenpai,14331,,
ShastaHun,14348,,
Galexantiocletos,14355,,
WibbletheDuck,14371,,
grimmtera777,14387,,
pninja12,14393,,
Festivities,14417,,
Fars__Legacy,14454,,
marsbars8795_za,1544,,
nickcool9999,1637,,
Theskellyassassin,17856,,
TiTLEUP,48862,,
Trayaurus_says_hi,11134,,
Greycrescent,4232,,
killallbeanswhitepower,17116,,
Epicgirl20,23721,,
ridgureizgay,28108,,
fishy_puss,28308,,
jennatools43,28357,,
kari_mysac123,28357,,
MrStakvik,28373,,
behappy22,12001,,
Fluentchaos,23231,,
xIsabellxx,54462,,
sonny_prettyboi,58526,,
MarauderPirate,60287,,
blm216,83058,,
buddybear04,83121,,
tyraxes_dragonborn,5531,,
GoKillYourselfYouFatKunt,6107,,
tommy_and_tess_tickles,7572,,
lapeeka,8560,,
enderedgeplayz,8623,,
Dread_Muffin,2456,,
dpkdesign,3587,,
cosmicwarriorgd,16872,,
matthewlang_,29977,,
gamethecupdog,31954,,
fkn3ggersplays,4671,,
JulianRaley,44453,,
DeadPine,46826,,
vmorts,50235,,
000n1cker,62421,,
lcewollow_come,65248,,
erickelement,82359,,
tripgod3,2990,,
Mooface0,13466,,
rickyjay,21779,,
lj_loves_horses,33358,,
nickem10,33715,,
MovingNova,33779,,
FearlessPilot,48743,,
smellykneegrou,48858,,
jackoffjac,49205,,
Xmandier,50819,,
emmalov18,11274,,
my_dixi_rect76,23647,,
Thecoolestpanda,19378,,
concentration_camp_chris,22206,,
zoroark720,84318,,
katlover,19720,,
Kaytrim,13198,,
GeekLeafGaming,29637,,
Gavinovsky,7527,,
will_0202,9962,,
colegamerkid,10878,,
the_rusemaster,15644,,
ijerice6,43586,,
lolmanzee1,43608,,
lovetrovemew,44447,,
ZA_asinglefishYT,44716,,
ianhos,48772,,
GmaxLittle2004,62816,,
gassin_jewws,64765,,
Coleski123,80742,,
fuzzyray,8370,,
juju_thecoonkiller,22269,,
Nbros44,24562,,
SwedenCatboy_Gaming,26043,,
Zerg3rr,71149,,
EveIyn_McKnight,19297,,
my_knee_grows_fast_XD,9680,,
im2spooky5u,70664,,
Ishkya,74319,,
insane8472,1668,,
Chachava,4140,,
rhianaerawynn,4159,,
Turbomini6,75032,,
ice_burg_94,85508,,
Kinginferno24,83997,,
Awesomegamer7689,85013,,
Quote_X,2521,,
emma_velthoven,8273,,
littleranny123,11504,,
Lurthis,1987,,
Dragoness_,2336,,
monard40,2472,,
unkidrik,2473,,
Intimae,2520,,
Brenneman17,2522,,
Sephiroth,2537,,
Jester1147,2558,,
Flexina,5407,,
Roansas,10166,,
DeniseGOLDENQUEENGODDESS,17547,,
ichibadass,63,,
black_burner_,4093,,
fluttershy091,5009,,
johnpaul79,8712,,
Specex200,14595,,
Octostarx,12737,,
wheelsssss,10726,,
PixlationGaming,19709,,
minerdude1511,26085,,
gitarrlillan,32970,,
bandanyt,34393,,
TwitchExcellency,22682,,
xpert_the_wrst,74941,,
TheTrueWowo,75817,,
MOOKLE_BEST_VERSION,81420,,
PorcoTunado,13758,,
clauskem,25882,,
toxickoala05,28530,,
daddyslittlegirl666,82492,,
AmunGomperts,21651,,
Avenged_Soulgiver,81699,,
NumberlessElpeque,2545,,
TarilltheMad,4338,,
spacecube26th,31374,,
bmanhero,6938,,
MomDivine,21261,,
headphonegraveyard,9476,,
Mineatnight123,18983,,
FlufflesBeTheBest,53206,,
BigAl607,2552,,
anconiogamer48,25287,,
zombiesnightout13,7116,,
beastpunisher421,7131,,
SirCommunity,9415,,
catboots0101,9605,,
SkylerWild,11349,,
Laytinik,14379,,
Bobi6767,19387,,
Hjerpen06,25685,,
siiselikuningas11,28729,,
NoFitIt,11944,,
viper634gmail,13760,,
davism2105,14457,,
salo6603,14945,,
Magicman10YT,14968,,
tyrone450,15086,,
Nbhd298,15136,,
xleafeh,15191,,
Dragon_KingTV,15307,,
fanatics71,15368,,
KristofWolfe,15369,,
baszieboy,15483,,
keedyjennifer,15603,,
breno55bb,15679,,
justjerepvp,15727,,
patatas16,15803,,
foxwolfboris,15889,,
attackonalexis,16094,,
hatelights,16213,,
kn4ttteen,16228,,
3jlanlol,16318,,
hayati_07,16432,,
xTheAssassin78x,16446,,
spanishbloodypvp,16599,,
theonlineworld,16613,,
hellioss89,16715,,
den_iskold_bamse,16829,,
wyattmohawk,16938,,
aragacraft123,17075,,
yatoreturns,17202,,
chilli_bandit,17338,,
klee972,17433,,
zuismp,17556,,
zakando,17557,,
darkness3678739,17608,,
thechamp27ish,17648,,
katherine0987,17798,,
kittydani,17972,,
popyface20,18110,,
epiccookieeater1,18193,,
atticus_mjapan,18308,,
egyptian_slave,18426,,
dogekewlked,18504,,
luizfelipekassino,41065,,
chimeric13,25909,,
queenloxy,10300,,
H1ghFor3ver,13530,,
kevbev67,14049,,
Buenxxo,14471,,
lNukNorWay,15040,,
spiderprince7531,15291,,
thatonescenechick,15411,,
kingfluffybeard,15607,,
MagicalPal,18952,,
Lott__,20818,,
SurroundedByTrees,40617,,
Trozas,10351,,
KomaKrazyXD,11848,,
footylover09,12435,,
DianiteOurLordAndSaviour,12689,,
wickedsnorlax,12934,,
ii_itz_swag_ii,13240,,
theangrybiird,16009,,
jaygoddard99,17520,,
bikosalien,18043,,
Duchess118,18408,,
ad9836,18421,,
B1g4ndT4sty,18478,,
Level1Nerd,18530,,
NotedBinkie9727,18537,,
L1L4ndT4sty,18566,,
Kmartinator,31929,,
mrwilleking,49883,,
TeamAquaDoodz,52189,,
chilimilivanili7,72133,,
han7800,76161,,
exrthxo,84408,,
Butlins_CEO,9020,,
Markcon5805,10301,,
rok_246,11772,,
RENBE238,47068,,
xTrickShotProx,9839,,
graybeast00,60043,,
PascoalMusic,9990,,
SGTSparkelzlol,84523,,
Overlord9K,81430,,
catboy60,6249,,
way_better_than_you,77283,,
NiceGuyW0lfe,9355,,
BehSl81,5001,,
Jamjardavies,15078,,
bassikovvv,20309,,
JC747,24333,,
QuirkyGeek17,7179,,
swaggzilla123,21561,,
Yachts4ever,21622,,
Vlogical123,1192,,
Celestrine,13987,,
patrickc178,12670,,
pencilface252,21660,,
Zeta_The_Dragon,41487,,
craftbuilds,80302,,
Chewittz,81755,,
DiamondBlockDude,81851,,
spaztic_bananas97,81864,,
Silthulhu,84807,,
gamergirl_17ko,22066,,
zombiecallum,3102,,
Riannederijk,6724,,
Timk1999,6842,,
Jo_macia26,35323,,
BuddyB2323,83565,,
Iawesomekid266,83640,,
EDancning,83757,,
koid,1663,,
it_kiwi,5512,,
t3chn0_blaziken,7607,,
deathkills3344,7806,,
kiah_linstrum,21629,,
rosie_cheeks,36855,,
Mr_Waffle_man321,11027,,
AlphyTheGamer,12565,,
Lungslife,34100,,
Willie_Phisterbottom,34183,,
classicdgamer,34781,,
kermisfan1,37023,,
Elias_Jen,6454,,
levelupers,19783,,
botdream4black2,22892,,
ldikjfghdsfighsd,27814,,
crowdctrltv,70681,,
IvanaBCroftin,18073,,
cutesnowboardgirl,26807,,
Cirekon,10650,,
totallynotavoidingaban,11287,,
AshiesCorner,23686,,
addsis1,17555,,
I_Love_Hu_Jass,23374,,
SunniNorr,49506,,
paxgp,49706,,
Kbigliar,18362,,
Umbuku,36142,,
m0rrisson,65919,,
coreygamingcg,85903,,
KatCallMe,71417,,
mikeyhendry6,68738,,
xXBryton,70075,,
cakepuppy89,84700,,
Lokbatch,41844,,
mrderpy01,47147,,
Manicminer51,48011,,
killer69691010,51947,,
lunx_tremor,52033,,
SkippyLT,13272,,
the_vytcka,13275,,
themememic,28814,,
jayfeather_12_7,15584,,
zigersquad,81766,,
cincy_moto,2755,,
rezgod666jr,3714,,
foxzoolm,68880,,
mrkingthink1,72496,,
aileeplays,76322,,
RandomMarieChick,86230,,
vanheestbeest,58030,,
xSCRAPx,81358,,
PhatMale,65330,,
Jibbadizer,69075,,
MelodyofWolf,83319,,
Firefly405,79911,,
wittyguycific,15462,,
shiftymurderess,74642,,
Urodriguez3,77427,,
ilovry,66664,,
lolcatface4562,78195,,
captain_lxgan,80355,,
IAmTonyAMA,8782,,
Clawsom,72517,,
Flo1489,28966,,
wcarterh,61286,,
Lukerrino200,61781,,
jeremeister06,78470,,
LilGamerHelle,77938,,
brickmountainfire,79069,,
Rick_C_C_100,79086,,
Locoman101,67077,,
GamerGirlIcy,74772,,
realkipisbae,84181,,
SlothHipster,25585,,
BloodDragon262626,75970,,
DarkChika,75998,,
TheLilocean_B,76022,,
LukesterGaming,16978,,
cooljay118,67031,,
dRAGoNwinchester,69285,,
towerofpimps0603,63619,,
desiigner_1panda,69224,,
hybridofficial,69232,,
chromeking23,71647,,
midnight_phantom1,792,,
FearEmpty,3319,,
bosspro1,76662,,
xAurionZz,71333,,
BunnyPlayss,79910,,
stalin_pepe,219,,
itz_wofq,72885,,
Eggceptional,6603,,
the_nerdster,6623,,
Majestic_lace,79328,,
xaviordanger1738,2888,,
spectrumyt10,72540,,
crmix,1902,,
MasterreinGames,6721,,
Doge1232311,50103,,
Bigunsbigmoney,51427,,
InDaBowl,52457,,
lividjoker420,75358,,
ha8r_,30550,,
erlendstendal,30728,,
girlygirl731,38225,,
Naemesis,21548,,
deadlykiwio0,79757,,
atsukiyou,7074,,
Enigmatax,63959,,
harcashbreak,71018,,
hellhome2011,85345,,
VenganceCathy,13618,,
Catinspecs,18202,,
h8vs,84165,,
laoola,2051,,
atoruiz01,5380,,
sireotnn,28138,,
mhansen5,23975,,
TheShrubb3ry,11033,,
liighwind,24769,,
piponeilgrande,25038,,
kevinkuz9,3756,,
korosh2003,11893,,
hankhilllljr,8047,,
Pepperboy2002,11340,,
Kankub123,41094,,
TheGloriousKimJongUn,30601,,
dreamsonar,33083,,
ventoes_dad,38153,,
yourij0,41150,,
laceymorbid,18013,,
stormhauk,36499,,
roffaogflanderos,79078,,
megustatupeloelm,2604,,
manu_best123,3785,,
barebaricgalaxy,78007,,
screamurrdreamurr,23587,,
masterkiko2002,40463,,
xdestroybangerzx,34251,,
SplitRaid,23244,,
catsbollocks,81698,,
justb911,74243,,
redtech1020,80269,,
brentrules,5128,,
x_Dragonbreath_x,12994,,
matthewboi,43878,,
sivetrexx,78398,,
dj_k1n6p1n,81023,,
brandon_richter,85581,,
young_twipz,9311,,
cooldude556690,72931,,
Shadow2500,75381,,
frzze,80987,,
donteruis,5268,,
thoughtcheese8,10684,,
Temparmy,11623,,
chrisandthemikerocks,13123,,
Wrabbit4444,22600,,
Tankdrath,,,
Sabbertron,60401,,
WillsonteCat,69832,,
McChoonce,51466,,
sour_angry,51613,,
madbirdplayz,54867,,
Filipinoboi51,61735,,
dinnertimeTV,61863,,
xmerciplaysmcx,60680,,
progamerdude101,71401,,
Galaxyerror,71991,,
Moonman_is_god,63601,,
akariharris12,63883,,
moonman_42069,64310,,
ball4ly,68224,,
Tsukemaru,82169,,
surprise_im_back1,6995,,
dopeimminent,72801,,
Big_bad_tom,77909,,
Icywhitesam,39264,,
thetimeking_01,41216,,
Roguez13,43011,,
Kawad771,43030,,
blacklivesdontmatteratall,45297,,
Jilly_1234567,46456,,
makerofchaos1,47178,,
bannananugget22,57024,,
Blizzzzz22222,62267,,
Buddergod1,62303,,
liberace99,73544,,
danzathepariah,62239,,
persentile123,66035,,
idavelthoven,13787,,
jenzie2003,58138,,
hussein_12345ali,72840,,
ilikenojuice,20285,,
captain_raost,30878,,
Jon192,33651,,
chemsauce,35909,,
RobertRo8,50272,,
FakeViral,50582,,
Average_Kevin,52225,,
average_revolutioncraftnl,52585,,
epicmanjo,59676,,
laxerz,61757,,
Go_to_heaven_360,66314,,
Runicskate,66356,,
sticken,69413,,
ryanhalligandangled,15889,,
AsapCatFTW,67892,,
misardian,67953,,
Bow_____down,75561,,
howtominecraft3,31213,,
Lucasofgamers,37291,,
kaptainpokemon,68514,,
brycebanks09,62519,,
TigerHobbes,63147,,
yakuza_xi,56977,,
XxYumYumCookiexX,76432,,
Coolguykiddler,75003,,
Onlyalonelygirl,72805,,
Pantonyt,7525,,
NeverTrustCorridors,72906,,
tunac4pt0r,42658,,
nawtnotnewt,69002,,
Vanerson,13291,,
Minecraftgurl1416,4310,,
telephone135,1736,,
KingJosiahGaming,1698,,
Baronhelmutschnitzelnazi,68,,
tortleworfore,63191,,
riboture,42937,,
dutchtr0ll,41592,,
liza_m,11718,,
ZayonPlay,41368,,
